description,title,sentiment,sentiment_reasoning,Date,Ticker,Close,High,Low,Open,Volume,daily_diff
"Arch Capital Group Ltd. reported strong third-quarter 2023 results, with operating income beating estimates by 50% and premiums and investment income increasing significantly. The company's Insurance, Reinsurance, and Mortgage segments all performed well, with improved underwriting results.",Arch Capital (ACGL) Q3 Earnings Top on Solid Underwriting,positive,"Tesla's stock has rebounded 99% year-to-date after a tumultuous 2022. The company is seeing growth in its vehicle deliveries and other business segments, and its stock valuation remains relatively low compared to its historic highs.",2023-10-31,TSLA,200.83999633789062,202.8000030517578,194.07000732421875,196.1199951171875,118068300,4.720001220703125
"Cisco Systems (CSCO) has been a trending stock on Zacks.com, with its shares returning 5% over the past month. The article analyzes the company's earnings estimates, revenue growth forecast, and valuation, concluding that Cisco is currently rated as a Zacks Rank #3 (Hold), suggesting it may perform in line with the broader market in the near term.","Here is What to Know Beyond Why Cisco Systems, Inc. (CSCO) is a Trending Stock",positive,"The article expects Tesla's Investor Day event to be a positive catalyst for the stock, as the company is likely to provide details on its long-term growth strategy, expansion plans, and upcoming products like the Cybertruck.",2023-06-22,TSLA,264.6099853515625,265.0,248.25,250.77000427246094,166875900,13.839981079101562
"The trucking industry is benefiting from improving freight demand, declining fuel expenses, and shareholder-friendly initiatives. However, challenges like driver shortages and supply chain issues persist.","The Zacks Analyst Blog Highlights Knight-Swift Transportation, Old Dominion Freight Line, J.B. Hunt Transport Services, Werner Enterprises and Landstar System",positive,"Tesla is the largest producer of electric vehicles, with a strong focus on self-driving technology and AI. The company's ability to remain profitable, expand its product portfolio, and invest in infrastructure like charging stations and the Dojo supercomputer give it a competitive advantage and growth potential.",2023-11-22,TSLA,234.2100067138672,244.00999450683594,231.39999389648438,242.0399932861328,117950600,-7.829986572265625
"The article discusses the latest research reports on Alphabet, Comcast, NextEra Energy, Vertex Pharmaceuticals, and Eni. It highlights the key factors driving the performance of these companies and the analysts' views on their future prospects.","The Zacks Analyst Blog Highlights Alphabet, Comcast, NextEra, Vertex and Eni",positive,"Microsoft is included in the 'Magnificent 7' tech stocks, indicating its strong performance and position in the industry.",2023-12-22,MSFT,370.3757629394531,370.96903467399375,368.52675633726045,369.48587042516914,17091100,0.8898925142839857
"Pegasystems (PEGA) has formed a hammer chart pattern, indicating a potential trend reversal. Strong agreement among Wall Street analysts in raising earnings estimates for this business software company also enhances its prospects of a turnaround.","Pegasystems (PEGA) Could Find a Support Soon, Here's Why You Should Buy the Stock Now",positive,"Apple is praised for its effective stock repurchase program, which has reduced its outstanding shares and enhanced shareholder value.",2023-02-24,AAPL,145.0550079345703,145.5295889507278,144.07617044500316,145.45048960025846,55469600,-0.3954816656881519
"Analysts have an average price target of $209.86 for Jazz Pharmaceuticals (NASDAQ:JAZZ), implying upside potential. The current average price target has increased by 3.51% from the previous average.",Where Jazz Pharmaceuticals Stands With Analysts,positive,"Apple's services segment is proving to be resilient despite the uncertain economy, with revenue growth of 8% in the latest quarter. While its product segments faced challenges, Apple's performance is still stronger than the overall smartphone market.",2023-07-11,AAPL,186.21556091308594,187.4234682366511,184.75023641356677,187.28485666382537,46638100,-1.0692957507394283
"CNBC's 'Final Trades' segment discussed Alibaba's expansion of AI capabilities, Stryker's strong quarterly results, and Wynn Resorts' upcoming earnings release.","Stryker, Wynn Resorts And A Chinese Tech Giant Expanding AI Capabilities: CNBC's 'Final Trades'",neutral,"The article mentions that Apple is a chip partner of Qualcomm, but does not provide a clear sentiment on Apple.",2023-08-07,AAPL,177.07708740234375,181.3146590660809,175.59195672278545,180.32457194637539,97576100,-3.247484544031636
"AECOM reported decent fourth-quarter fiscal 2023 results, with earnings meeting the Zacks Consensus Estimate and revenues topping the same. The company's design business saw double-digit organic net service revenues growth, and it provided positive fiscal 2024 guidance.","AECOM (ACM) Q4 Earnings Meet, Revenues Beat, NSR Rises Y/Y",neutral,"Buffett and Munger may not be comfortable investing in Tesla due to its high valuation, preferring companies with lower risk and more certainty.",2023-11-14,TSLA,237.41000366210938,238.13999938964844,230.72000122070312,235.02999877929688,149771600,2.3800048828125
"Orange is holding its annual general meeting on May 23, 2023. The company has made available information related to the meeting on its website and through other channels.",Orange: Assemblée générale du 23 mai 2023 - Modalités de mise à disposition ou de consultation des informations relatives à l'Assemblée générale mixte des actionnaires,positive,"Berkshire invested in Apple when it was trading at a lower valuation, indicating they see value in the company.",2023-04-21,AAPL,163.1584930419922,164.57235465877127,162.63447292379246,163.1881534195007,58337300,-0.02966037750852024
"Analyst downgrades SiTime due to lack of visibility in oscillators consumption and lower customer demand, leading to reduced revenue and earnings estimates for 2023 and 2024.",SiTime Downgraded: Lack Of Visibility Of Oscillators Consumption And Customer Demand Prompt Analyst,neutral,"The article does not provide a specific sentiment for Microsoft, but it is mentioned as one of the stocks driving the narrow market rally.",2023-05-04,MSFT,300.0777282714844,302.3867046786464,298.1028120701816,300.8932237762644,22519900,-0.8154955047800172
"Paramount Global is balancing its traditional broadcast and theater businesses with building a direct-to-consumer streaming service, Paramount+. While this has crushed its profits, the company has shown signs of progress, and the stock could have significant upside potential if it can effectively monetize its streaming business.",Buying This Overlooked Streaming Stock With 100% Upside Could Be a Genius Move,neutral,"The article does not provide a specific sentiment for Apple, but it is mentioned as one of the stocks driving the narrow market rally.",2023-06-02,AAPL,179.15623474121094,179.97800874169684,177.48298533965166,179.2354435119536,61945900,-0.07920877074266741
The article discusses four companies that could provide significant upside for long-term investors during the uncertain times of the second half of 2023. The companies are chosen from different industries to provide a diverse portfolio.,4 Top Stocks to Buy in the Second Half of 2023,positive,"The article mentions that Parkev Tatevosian, who is an affiliate of The Motley Fool, has positions in Apple, indicating a positive sentiment towards the company.",2023-07-06,AAPL,189.90855407714844,190.1164789605468,187.3244268243397,187.9580817966842,45094300,1.9504722804642256
"The article discusses the Invesco Dynamic Biotechnology & Genome ETF (PBE), a smart beta exchange-traded fund that provides exposure to the healthcare sector. It analyzes the fund's performance, risk, and alternatives, and provides insights on the top holdings.",Is Invesco Dynamic Biotechnology & Genome ETF (PBE) a Strong ETF Right Now?,positive,"The Motley Fool is said to have positions in and recommend Microsoft, suggesting a positive sentiment towards the company.",2023-06-07,MSFT,318.4285583496094,329.36843269361947,317.5620276985379,326.57192107899317,40717100,-8.143362729383796
"The article highlights three artificial intelligence stocks that investors can consider adding to their portfolios, including Amazon, Pinterest, and IBM.",3 Unstoppable Artificial Intelligence (AI) Stocks to Buy Now in September,positive,"The article highlights Tesla's advancements in autonomous driving and AI, which could lead to significant revenue opportunities, such as a robo-taxi fleet. The author believes Tesla is more than just a car business and has long-term potential.",2023-09-07,TSLA,251.49000549316406,252.80999755859375,243.27000427246094,245.07000732421875,115312900,6.4199981689453125
"Palantir reported strong Q3 results, including GAAP profit and 33% growth in the U.S. commercial sector. The company raised its full-year guidance for revenue and adjusted operating income, indicating a positive outlook.",Why Palantir Technologies Stock Soared Today,positive,"Berkshire Hathaway's top holding is now Apple, indicating the company's confidence in the tech giant's long-term prospects.",2023-11-02,AAPL,176.04718017578125,176.2553707597914,173.95527477340474,174.01475779740764,77334800,2.03242237837361
"Altice USA, Inc. (ATUS) has a history of beating earnings estimates and is expected to continue the trend in its next quarterly report. The company's Earnings ESP, a metric that predicts earnings surprises, is positive, suggesting a potential earnings beat.","Why Altice USA, Inc. (ATUS) Could Beat Earnings Estimates Again",positive,"Apple's online sales have been growing, and its installed base of devices continues to hit new highs, fueling profitable sales of apps and subscriptions. The company is also well-positioned to resume growth with the upcoming iPhone 15 launch.",2023-10-20,AAPL,171.3973846435547,173.91559492791032,171.15943743932888,173.80653768363138,64189300,-2.4091530400766885
"ProMIS Neurosciences presented preclinical data on its lead Alzheimer's disease candidate PMN310, which showed selective binding and protection against toxic amyloid-beta oligomers. The company also presented data supporting misfolded RACK1 as a potential target for ALS and FTLD-TDP.",ProMIS Neurosciences Presents Preclinical Data Highlighting Targeting of Toxic Misfolded Proteins in Alzheimer’s Disease and ALS at American Academy of Neurology Annual Meeting,positive,"Microsoft is described as a legend of Wall Street, with a long record of boosting shareholder value through share buybacks and dividends. It has a 20-year streak of dividend hikes and is seen as an excellent choice for those who want to 'set it and forget it' rather than constantly monitor their investments.",2023-04-24,MSFT,276.85040283203125,279.9749041502111,273.8536665505275,277.1648229621852,26611000,-0.3144201301539624
"U.S. Bancorp is a strong dividend play, with a dividend yield of 3.91% and a history of dividend growth. The company's earnings are expected to expand in 2023, and its payout ratio is at a healthy 44%. While high-yielding stocks can struggle during periods of rising interest rates, U.S. Bancorp's current Zacks Rank of 3 (Hold) makes it a compelling investment opportunity.",U.S. Bancorp (USB) is a Top Dividend Stock Right Now: Should You Buy?,neutral,"Tesla is mentioned as a better-established business that Airbnb's valuation is comparable to, suggesting the stock may be overvalued.",2023-01-26,TSLA,160.27000427246094,161.4199981689453,154.75999450683594,159.97000122070312,234815100,0.3000030517578125
"US Foods Holding Corp. has completed the acquisition of Renzi Foodservice, a broadline distributor in central upstate New York. This strategic move strengthens US Foods' market presence and provides an opportunity for revenue growth in the region.",US Foods (USFD) Expands Reach With Renzi Foodservice Buyout,neutral,"Microsoft is mentioned as a better-established business that Airbnb's valuation is comparable to, suggesting the stock may be overvalued.",2023-07-10,MSFT,326.7491455078125,330.0971101793497,322.5740762190043,329.4767516660907,32791400,-2.7276061582782063
"Adeia Inc. will announce its Q2 2023 financial results on August 7, 2023, and host an earnings conference call on the same day.","Adeia to Release Second Quarter 2023 Financial Results on August 7, 2023",positive,"The article highlights Apple's efforts to expand its content portfolio on Apple TV+, which has been gaining recognition and increasing its market share in the streaming market.",2023-07-17,AAPL,192.06695556640625,192.3936860433753,189.90855835393603,189.99766254560217,50520200,2.069293020804082
"Hologic, a medical device maker, has seen its stock return 4.9% over the past month, outperforming the broader market. The company's earnings estimates have been revised upwards, leading to a Zacks Rank #1 (Strong Buy) rating. However, the company's revenue growth is expected to decline in the current fiscal year before rebounding in the next.","Hologic, Inc. (HOLX) Is a Trending Stock: Facts to Know Before Betting on It",neutral,"Microsoft's GitHub was mentioned as a competitor to GitLab, but the article did not provide any specific commentary on Microsoft.",2023-02-17,MSFT,253.55445861816406,255.54901510250755,251.53042711128404,254.86125458173325,30000100,-1.3067959635691864
"Osisko Development Corp. is seeking approval to reduce the exercise price of warrants issued in 2022 private placements, aiming to align with the interests of its shareholders as the company works towards becoming a mid-tier gold producer.",Osisko Development Announces Proposed Reduction in Exercise Price of Warrants Issued in 2022,positive,"Apple is the world's third-largest video game company, profiting significantly from the App Store, where mobile games account for a large portion of consumer spending. The company's services revenue, including the App Store, is growing faster than its smartphone business, and its upcoming VR/AR headset could open new gaming opportunities.",2023-03-14,AAPL,150.86866760253906,151.66952778576984,148.4067663113716,149.57344779147112,73695900,1.2952198110679376
"Analysts have provided 12-month price targets for American Express, with an average of $177.58, a high of $203.00, and a low of $146.00. The current average price target has decreased by 3.34% from the previous average.",Expert Ratings for American Express,positive,"Microsoft is the fourth-largest game company globally and plans to acquire Activision Blizzard, which would make it the third-largest. This acquisition will give Microsoft access to a valuable content library and potentially attract more subscribers to its Xbox Game Pass service and boost console sales.",2023-09-29,MSFT,311.57366943359375,315.24446731366316,310.81386483371,313.5472160333315,24140300,-1.9735465997377446
"Insiders have been selling shares in Crocs, Dropbox, United Therapeutics, Lamb Weston, and Moody's, indicating concerns about the companies' prospects or that the stocks are overpriced.","Crocs, Lamb Weston And These 3 Stocks Insiders Are Selling",neutral,"The article mentions Microsoft as getting attention in the AI battle, but does not provide any specific details or sentiment towards the company.",2023-01-06,MSFT,220.45069885253906,221.26417188709627,214.9818330743018,218.55914037652232,43613600,1.8915584760167405
"Gevo, Inc. has entered into a Master Services Agreement with a subsidiary of McDermott International, Ltd to provide engineering and planning services for Gevo's development of multiple sustainable aviation fuel facilities in North America, starting with the Net-Zero 1 project in South Dakota.",Gevo Signs Master Services Agreement with McDermott for Sustainable Aviation Fuel Facilities,positive,"Apple's stock was up around 1% during the day, showing relative strength compared to the broader market.",2023-07-24,AAPL,190.83924865722656,192.9778399722658,190.34420521064493,191.49270963252084,45377800,-0.6534609752942799
"The article discusses how Amazon and Nvidia could lead the next bull market. Amazon's advertising business and cloud computing arm, as well as Nvidia's dominance in the AI hardware market and potential rebound in the video gaming GPU market, are seen as key drivers for their future growth.",These 2 High-Growth Stocks Could Power the Bull Market's Next Record Run,positive,"Tesla's stock was up around 2.7% during the day, showing relative strength compared to the broader market.",2023-03-20,TSLA,183.25,186.44000244140625,176.35000610351562,178.0800018310547,129684400,5.1699981689453125
"Ocean Biomedical's joint venture partner, Virion Therapeutics, presented positive preclinical oncology data for VRON-0300 and announced the initiation of a Phase 1b clinical trial for VRON-0200 in chronic hepatitis B. Ocean Biomedical also continues to advance its own immunotherapy programs.","Ocean Biomedical (NASDAQ: OCEA) Announces Positive Preclinical Oncology Data for VRON-0300, Presented at SITC 2023 Annual Meeting, and Clinical Updates by 50/50 Joint Venture Partner Virion Therapeutics",positive,"Most analysts maintained a positive rating on Microsoft, with price targets suggesting upside potential of 10-20% despite the recent job cuts. The analysts cited believe in the company's ability to navigate the macroeconomic challenges.",2023-11-14,MSFT,365.37255859375,367.03036071346725,362.491197266639,366.1027913524832,27683900,-0.7302327587332229
"Crocs and Dollar General are two stocks that could perform well in 2023. Crocs has seen a resurgence in popularity, while Dollar General's discount-focused business model makes it well-positioned to weather economic uncertainty.",2 Growth Stocks That Could Soar in 2023,positive,"Datadog is extending its collaboration with Microsoft by providing Cloud Cost Management support for Azure, suggesting a mutually beneficial partnership between the two companies.",2023-01-11,MSFT,231.07479858398438,231.2512068231541,226.50759585204494,226.68400409121466,28669300,4.3907944927697145
"Tesla is set to report Q4 2022 results on January 25. The focus will be on its vehicle production and deliveries, which are expected to be weaker than expected, potentially impacting the company's results. Tesla's Q3 2022 earnings beat expectations, but Q4 deliveries fell short of estimates amid supply chain issues and economic uncertainty.",Delivery Miss & Cost Pressure to Limit Tesla (TSLA) Q4 Earnings,positive,"The article highlights Microsoft's strong market positions, resilience during economic challenges, and consistent financial growth, making its stock increasingly attractive for investors.",2023-01-19,MSFT,227.311279296875,230.82979848155264,226.08617211757934,229.12444390420126,28623000,-1.8131646073262573
Cadence Design Systems (CDNS) is a strong momentum pick with a Zacks Rank #1 (Strong Buy) and a Momentum Style Score of B. The company has seen positive earnings estimate revisions and favorable price performance compared to its industry.,Are You Looking for a Top Momentum Pick? Why Cadence Design Systems (CDNS) is a Great Choice,positive,"The article presents a compelling case for Tesla's growth, citing its industry-leading position, strong EV adoption, and a recovering car market. While the author believes Ark's price targets may be too ambitious in the short term, they still see Tesla as a good investment opportunity.",2023-07-24,TSLA,269.05999755859375,269.8500061035156,254.1199951171875,255.85000610351562,136508500,13.209991455078125
"The article discusses the investment potential of Salesforce.com (CRM) based on Wall Street's bullish views. It analyzes the company's average brokerage recommendation and Zacks Rank, and suggests that investors should validate the Zacks Rank with the average brokerage recommendation to make a profitable investment decision.",Is It Worth Investing in Salesforce.com (CRM) Based on Wall Street's Bullish Views?,positive,"Microsoft reported strong financial results, beating earnings and revenue estimates, and is expected to continue its growth trajectory.",2023-08-10,MSFT,317.98541259765625,323.23381851196274,316.26220792584803,321.02809609784106,20113700,-3.0426835001848076
"The article discusses how AI has both challenged and presented opportunities for the music industry. It highlights insights from Universal Music's CEO Lucian Grainge on the potential of AI to empower artists, while emphasizing that AI will never replace human creativity. The article also mentions the MUSQ Global Music Industry ETF as a way to invest in the music industry ecosystem.",Tech Meets Tune: Universal Music's Lucian Grainge's Insights into AI's Resonance in the Melody of Tomorrow And How To Invest In The Soundscape,neutral,"Microsoft's Azure cloud computing service is mentioned as catching up to Amazon's AWS in market share, which could put additional pressure on Amazon's cloud business.",2023-12-14,MSFT,361.8228454589844,369.5649795287377,360.0430604780347,369.1200181959737,43277500,-7.297172736989353
"Carnival's stock price jumped after JPMorgan and BofA Securities upgraded their ratings on the company. This led to a spike in options trading, with investors betting on a further surge in the stock price.",Carnival's Stock Leap Followed By Spike In Options Trading: What Investors Need to Know,neutral,"The article compares Solana's open-source and customizable approach to Apple's proprietary and walled-garden model, but does not make a strong positive or negative statement about Apple's position.",2023-06-13,AAPL,181.49282836914062,182.32449774459167,180.63145759510397,180.98788948565831,54929100,0.5049388834823105
"Airbnb stock sold off after earnings despite a beat on top and bottom lines. The company is profitable and approved a new share repurchase authorization, but the stock is still headed lower. The article discusses whether this is an opportunity to buy Airbnb stock.",Best Stocks to Buy Now: Is Airbnb Stock a Buy?,neutral,"The article presents a balanced view on Tesla's Q3 2022 deliveries, noting both the expected sequential decline due to planned production pauses as well as the strong year-over-year growth that is still anticipated.",2023-05-17,TSLA,173.86000061035156,174.5,167.19000244140625,168.41000366210938,125473600,5.4499969482421875
"The U.S. labor market was significantly impacted during the Covid era, with retirees and geography playing a key role. The civilian labor force participation was affected, and the recovery to pre-Covid levels is expected to take time. The implications of these changes are being closely monitored for potential economic implications.",How Did COVID Reshape the Labor Markets,positive,"The article suggests that the impact of China's ban on government iPhone use is minimal and that Apple remains a strong investment opportunity, as the company's business is not heavily dependent on government employees in China.",2023-01-26,AAPL,142.11907958984375,142.4053645091988,140.08540973782974,141.33917349067576,54105100,0.779906099167988
"Applied Materials (AMAT) stock closed lower, underperforming the broader market. The company is expected to report lower earnings but higher revenue in the upcoming quarter. Analysts' estimates for the company have remained stagnant recently.",Applied Materials (AMAT) Stock Moves -0.28%: What You Should Know,neutral,"The article mentions Tesla's decision to cut prices for new models, which is likely to further impact used car prices and hurt Carvana's financials. However, the article does not provide any direct commentary on Tesla's performance or outlook.",2023-04-26,TSLA,153.75,160.6699981689453,153.13999938964844,160.2899932861328,153364100,-6.5399932861328125
"First Solar (FSLR) is a promising momentum pick, with a Zacks Rank of #2 (Buy) and a Momentum Style Score of A. The company has seen positive earnings estimate revisions and favorable price performance compared to its industry.",First Solar (FSLR) is a Great Momentum Stock: Should You Buy?,positive,"The article suggests that Apple stock is likely to lead the way in the next bull market due to factors such as pent-up demand for the iPhone 16, the growth of its services business, and its strong brand reputation.",2023-04-18,AAPL,164.5921173095703,165.52151594579726,163.78136017187086,164.22629596467013,49923000,0.3658213449001835
"The technology sector has shown a strong comeback at the start of 2023, with the Nasdaq Composite Index rallying 2.6% in the initial days of the year. Hopes that the Fed will soon wrap up its inflation-fighting campaign have bolstered the risk appetite, leading to a boost in tech shares.",5 Tech ETFs Riding High on Sectors' Comeback to Start 2023,positive,The ETF has Apple Inc. as one of its top holdings.,2023-01-11,AAPL,131.78292846679688,131.80266185993827,128.7916774670581,129.5715682785917,69458900,2.2113601882051626
"ExxonMobil, Target, and Honeywell International are three quality companies with growing dividends that make them attractive investments. ExxonMobil's proposed acquisition and inexpensive valuation, Target's high dividend yield and track record, and Honeywell's consistent cash flows and growth potential are the key factors highlighted.",3 Top-Notch Dividend Stocks That Just Raised Their Payouts to Record Highs,positive,"Oppenheimer analyst is bullish on Microsoft's Azure and AI capabilities, citing the company's scalability, security, and a $200 billion market opportunity.",2023-10-26,MSFT,323.5531311035156,337.11138741830564,322.61568436698997,336.0358080707796,37828500,-12.482676967263956
"Intel and Tower Semiconductor have reached an agreement where Tower will invest up to $300 million to acquire and install equipment in Intel's New Mexico facility, providing additional manufacturing capacity for Tower's products. This partnership aims to strengthen Intel's foundry services business and increase U.S. manufacturing capacity.",Intel Foundry Teams Up With Tower Semiconductor After Failed Acquisition,positive,"The article highlights Apple's market dominance, brand recognition, and the loyalty it enjoys from consumers. It also mentions the company's diversification into digital services, which has led to significant revenue and profit growth.",2023-09-06,AAPL,181.3413543701172,187.2304149251444,179.91370149278592,186.78426205503195,81755800,-5.442907684914758
"AssetMark Financial (AMK) is a promising growth stock with strong earnings growth, efficient asset utilization, and positive earnings estimate revisions. The article highlights these factors as reasons why growth investors should consider the company.",3 Reasons Why Growth Investors Shouldn't Overlook AssetMark Financial (AMK),neutral,"Tesla is mentioned as a competitor to Nikola in the electric semi-truck market, but the article does not provide a clear sentiment on Tesla.",2023-04-12,TSLA,180.5399932861328,191.5800018310547,180.30999755859375,190.74000549316406,150256300,-10.20001220703125
"United States Steel Corporation provided its Q4 2023 adjusted net earnings per share guidance in the range of 20-25 cents, with an expected adjusted EBITDA of nearly $250 million. The company highlighted challenges such as the impact of the autoworkers' strike, but also expressed optimism about improving domestic steel markets and growing customer demand.",Lower Volume & Price to Hurt US Steel's (X) Flat-Rolled in Q4,positive,"The article discusses the positive factors driving Tesla's stock rally, including a revitalized Elon Musk, growing market share, and a shift towards risk-on sentiment. The company's price-to-earnings ratio is also seen as relatively cheap, suggesting further upside potential.",2023-12-15,TSLA,253.5,254.1300048828125,248.3000030517578,251.2100067138672,135720800,2.2899932861328125
"The article discusses value investing strategies, highlighting DHI Group and Perion Network as undervalued stocks with strong earnings outlooks and favorable valuation metrics such as low price-to-sales and price-to-cash flow ratios.",Should Value Investors Buy DHI Group (DHX) Stock?,positive,"Apple's stock has been outperforming its big tech peers and the broader market, up 30% in 2023. Investors are hoping for strong Q2 results and positive guidance that can help extend the rally.",2023-05-30,AAPL,175.54241943359375,177.21566879798618,174.81966018947244,175.20579349606086,55964400,0.3366259375328866
GATX has an average price target of $132.2 with a high of $145.00 and a low of $115.00 based on 5 analyst ratings in the last 3 months. The current average price target has increased by 4.09% from the previous average.,The Latest Analyst Ratings for GATX,neutral,"Microsoft is mentioned as one of Apple's big tech peers, but the article does not provide any specific sentiment or analysis for the company.",2023-10-16,MSFT,328.2402648925781,331.69397123136065,326.2272390517875,326.6712689412733,22158000,1.568995951304828
"Paychex, Inc. has seen impressive stock gains over the past six months, outperforming its industry and the broader market. The company's solid business model, diversified products and services, and strategic acquisitions have driven its top-line growth and profitability.",Paychex (PAYX) Stock Rises 12% in Six Months: Here's How,neutral,"The article presents a balanced view of Apple's growth prospects, acknowledging that the company's highest-growth days are behind it, but also highlighting the potential for its services business to continue growing. The overall tone is neutral, as the article suggests Apple's revenue growth will be modest in the coming years.",2023-12-07,AAPL,192.85768127441406,193.5823700079149,192.18261692775607,192.22233461466143,47477700,0.6353466597526278
"Raymond James analyst Buck Horne is bullish on the homebuilding industry, citing strong YTD stock performance, declining existing home inventory, and homebuilders' ability to gain market share from the resale market. The analyst upgraded ratings and increased price targets for several homebuilding stocks.",Strong Momentum In Homebuilding Industry: Raymond James' Take On Upgraded Ratings And Increased Price Targets,negative,"UBS downgraded Microsoft stock from buy to neutral and cut its price target, citing concerns over slowing growth in the company's core businesses of Microsoft Office and Azure cloud services. The analyst expects Microsoft's revenue and earnings growth to decelerate, leading to limited upside potential for the stock.",2023-07-14,MSFT,339.9538269042969,346.0490507428633,339.03807386853134,342.2678507449193,28302200,-2.31402384062244
"Rollins reported better-than-expected Q1 2023 earnings and revenues, surpassing the Zacks Consensus Estimate. The company's shares have outperformed the S&P 500 so far this year, and the positive earnings outlook suggests the stock is expected to continue outperforming the market.",Rollins (ROL) Tops Q1 Earnings and Revenue Estimates,positive,"The article suggests that Apple is taking steps to minimize supply chain concerns, has a growing active device base, and is well-positioned for long-term growth despite recent challenges.",2023-04-26,AAPL,161.91268920898438,163.41554697412082,160.96352700012233,161.22058862196803,45498800,0.6921005870163413
"MacroGenics, Inc. (Nasdaq: MGNX), a biopharmaceutical company, will release its financial results for the first quarter of 2023 on May 9, 2023, and host a conference call to discuss the results and recent corporate progress.",MacroGenics Announces Date of First Quarter 2023 Financial Results Conference Call,positive,"The article indicates that Morgan Stanley analyst Erik Woodring is optimistic about Apple's performance, as iPhone 15 demand continues to outpace supply, suggesting strong consumer interest in the new iPhone models.",2023-05-04,AAPL,163.91978454589844,165.15568380990734,162.45648404157697,163.0299431104764,81235400,0.8898414354220279
"SoFi Technologies, a popular online financial services provider, has seen its stock price volatile since its IPO in 2020. While the company has demonstrated robust sales growth and diversified its offerings, it has not yet achieved profitability. The article suggests that SoFi's stock is currently trading at an attractive entry point, despite the recent market volatility.","If You'd Invested $1,000 in SoFi 1 Year Ago, This Is How Much You Would Have Today",positive,"Apple has regained its $3 trillion market cap, showcasing its strong recovery and investor confidence in the company's innovation and market strategy. The article highlights Apple's promising growth prospects, including the anticipated launch of its virtual reality headset, which is seen as a significant new computing platform for the company.",2023-08-30,AAPL,186.04071044921875,186.23900735465395,183.1556780614674,183.35395983897268,60813900,2.686750610246065
"Tesla's stock fell 1.14% despite the broader market's gains, lagging the Auto-Tires-Trucks sector. Investors are awaiting the company's upcoming earnings release, which is projected to show a 37.82% drop in EPS compared to the previous year.",Tesla (TSLA) Stock Falls Amid Market Uptick: What Investors Need to Know,negative,"The article highlights Tesla's challenges in the Chinese market, including a limited product mix, slow response to consumer preferences, and declining market share, which could negatively impact the company's performance.",2023-12-12,TSLA,237.00999450683594,238.99000549316406,233.8699951171875,238.5500030517578,95328300,-1.540008544921875
"NowVertical Group reported strong Q1 2023 financial results, with a 359% increase in adjusted revenue and a 195% increase in adjusted EBITDA compared to Q1 2022. The company also announced a leadership transition, with Sasha Grujicic appointed as the new CEO.","NowVertical Group Reports Strong First Quarter 2023, Financial Results Ahead of Revenue Expectations, Positive Adjusted EBITDA and Leadership Transition",positive,"The article highlights Tesla's proactive step to secure a reliable supply of a critical battery material, which is essential for the company's electric vehicle production and dominance in the EV market.",2023-05-31,TSLA,203.92999267578125,203.9499969482422,195.1199951171875,199.77999877929688,150711700,4.149993896484375
"Similarweb reported a quarterly loss of $0.14 per share, beating the Zacks Consensus Estimate of a loss of $0.21. The company's revenues also surpassed the consensus estimate, and it has topped consensus EPS and revenue estimates four times over the last four quarters.","Similarweb (SMWB) Reports Q4 Loss, Tops Revenue Estimates",positive,"The company reported better-than-expected results for its fourth quarter, with strong vehicle production and deliveries.",2023-02-15,TSLA,214.24000549316406,214.66000366210938,206.11000061035156,211.75999450683594,181006400,2.480010986328125
"Teradyne, Inc. announced a quarterly cash dividend of $0.11 per share, payable on September 25, 2023, to shareholders of record as of September 1, 2023.",Teradyne Declares Quarterly Cash Dividend,positive,"The article emphasizes Tesla's leadership in the electric vehicle market, its plans for expanding production capacity, and its potential in the autonomous driving industry as factors that could propel the company to a $2 trillion valuation.",2023-08-21,TSLA,231.27999877929688,232.1300048828125,220.5800018310547,221.5500030517578,135702700,9.729995727539062
"The article compares the value of Mitsubishi UFJ (MUFG) and Banco Santander-Chile (BSAC) stocks, finding that MUFG is the superior value option based on its Zacks Rank, forward P/E ratio, PEG ratio, and P/B ratio.",MUFG vs. BSAC: Which Stock Is the Better Value Option?,negative,"Tesla faced price cuts in several markets, which could indicate declining demand and impact the company's long-term prospects.",2023-11-29,TSLA,244.13999938964844,252.75,242.75999450683594,249.2100067138672,135401300,-5.07000732421875
"Guess? Inc. is benefiting from its growing online business and strength in the Europe and Asia segments. The company's strategic initiatives, including brand elevation and customer-centric efforts, are driving its performance. Management expects revenue growth and improved earnings in fiscal 2024.",Guess? (GES) Benefits From Strategic Plan & Online Business,negative,"Apple's PC market share declined year-over-year, indicating weaker performance compared to competitors.",2023-07-19,AAPL,193.16595458984375,196.26491622319193,190.74022966968735,191.1857808476927,80507300,1.9801737421510381
"The article analyzes Workhorse Group's stock, discussing whether investors are getting an excellent value with the current share price.","Workhorse Stock Analysis: Buy, Sell, or Hold?",positive,"Microsoft is introducing new AI-powered solutions to help non-profits with their fundraising efforts, which is expected to improve their efficiency and growth.",2023-09-21,MSFT,315.3037109375,321.04673949200236,310.8336285317438,315.03729295406083,35529500,0.2664179834391689
The Motley Fool 100 Index ETF (TMFC) is a passively managed exchange-traded fund that offers broad exposure to the Large Cap Growth segment of the US equity market. The fund has amassed over $502.68 million in assets and has a 0.50% annual operating expense ratio.,Should Motley Fool 100 Index ETF (TMFC) Be on Your Investing Radar?,neutral,"The article mentions Microsoft's Azure cloud platform as a competitor to Oracle's offerings, but does not provide a clear sentiment on Microsoft.",2023-07-07,MSFT,332.056640625,336.5566740578288,331.84000796378285,334.1244923820167,21185300,-2.0678517570166832
"International Money Express (IMXI) reported lower-than-expected earnings and revenue for the second quarter of 2023. The company's stock has underperformed the market so far this year, and its future performance will depend on management's commentary and earnings expectations.",International Money Express (IMXI) Misses Q2 Earnings and Revenue Estimates,neutral,"The article does not directly mention Tesla, but Elon Musk's involvement as the CEO of Tesla is relevant to the Twitter takeover story, hence the neutral sentiment.",2023-08-02,TSLA,254.11000061035156,259.5199890136719,250.49000549316406,255.57000732421875,101752900,-1.4600067138671875
"Corebridge Financial, Inc. (CRBG) is set to report its second-quarter 2023 results on Aug 4. The company's overall portfolio is expected to have witnessed continued growth, and new money rates are expected to have increased, likely boosting its base spread income. However, rising policyholder benefits and a continued decline in variable investment income may negatively impact the company's quarterly results.",Will Higher Benefits Affect Corebridge's (CRBG) Q2 Earnings?,positive,"Apple is one of the top holdings of the Vanguard Mega Cap Growth ETF, accounting for 15.72% of the fund's total assets. As a leading technology company, Apple's inclusion in the fund's portfolio suggests it is a key component of the large-cap growth segment.",2023-08-01,AAPL,193.6708984375,194.7797909272219,193.34416794873687,194.29465801673214,35175100,-0.6237595792321429
"The PNC Financial Services Group, Inc is expected to beat earnings estimates for the third quarter of 2023, with analysts revising their estimates upwards. The company has a positive earnings surprise history, indicating it is likely to outperform the consensus estimate.","The PNC Financial Services Group, Inc (PNC) Expected to Beat Earnings Estimates: What to Know Ahead of Q3 Release",positive,"Microsoft is another top holding of the Vanguard Mega Cap Growth ETF, indicating its strong position in the large-cap growth market. As a dominant player in the technology sector, Microsoft's inclusion in the fund's portfolio is a positive sign.",2023-10-06,MSFT,322.9314270019531,324.8358921681667,312.1163703803469,312.36306369557445,25645500,10.568363306378671
"Analysts expect Altice USA, Inc. to report a decline in earnings for the quarter ended June 2023, with revenues also expected to be lower year-over-year. The company's earnings performance and management's commentary on the earnings call will be key factors in determining the stock's near-term price movement.","Analysts Estimate Altice USA, Inc. (ATUS) to Report a Decline in Earnings: What to Look Out for",positive,Apple has been increasing its dividend since 2013 and has a strong core business centered around its iPhones and Mac computers. The company's low payout ratio and impressive financials suggest it is well-positioned to continue raising its dividend for the foreseeable future.,2023-07-26,AAPL,192.57192993164062,193.70062855675883,191.40363447210132,191.75015587275632,47471900,0.8217740588843014
"The Nasdaq Composite jumped over 100 points on Friday, with the S&P 500 and Dow also rising. G Medical Innovations shares plunged 45% after announcing a public offering, while Chicken Soup for the Soul Entertainment and Virgin Orbit Holdings also saw significant declines.",Nasdaq Surges Over 100 Points; G Medical Innovations Shares Plunge,positive,"Microsoft has been raising its dividend payments since 2010 and has a higher payout ratio than Apple, but still has significant free cash flow to fund its growth initiatives and continue increasing its dividend. The company's diversification into areas like gaming and artificial intelligence also makes it a strong long-term investment.",2023-03-31,MSFT,283.2664489746094,284.21951457614847,278.05899567842283,278.77626112609994,32766000,4.490187848509436
"Analysts expect PacWest Bancorp to report a decline in earnings for the quarter ended March 2023, with revenues also expected to be lower. The company's earnings performance and management's commentary on the earnings call will be key factors in determining the stock's near-term price movement.",Analysts Estimate PacWest Bancorp (PACW) to Report a Decline in Earnings: What to Look Out for,positive,"The article highlights the significant growth in Tesla's stock price since the unveiling of the Supercharger network, indicating the success and importance of this technology for the company.",2023-04-18,TSLA,184.30999755859375,187.69000244140625,183.5800018310547,187.14999389648438,92067000,-2.839996337890625
VEON Ltd. has released its unaudited interim condensed consolidated financial statements for the second quarter of 2023. The financial information is based on internal management accounts and has not been externally audited.,VEON discloses its 2Q23 unaudited interim condensed consolidated financial statements,positive,"The analyst expects Tesla's stock to spike over the next 3 sessions due to potential positive updates at the upcoming shareholder meeting, as well as Elon Musk's announcement of a new Twitter CEO, which is seen as positive for Tesla.",2023-08-29,TSLA,257.17999267578125,257.4800109863281,237.77000427246094,238.5800018310547,134047600,18.599990844726562
"Linde reported Q2 earnings of $3.57 per share, beating the Zacks Consensus Estimate of $3.47 per share. However, the company's revenues of $8.2 billion missed the consensus estimate by 5.03%. Linde's stock has gained about 19% since the beginning of the year.",Linde (LIN) Q2 Earnings Top Estimates,positive,"Microsoft has a long track record of consistent growth, with revenue up 185% and net income up 249% over the past decade. The company's recent moves in AI, including its investment in OpenAI and integration of generative AI tools, have further boosted investor excitement, driving the stock up 44% so far in 2023. The company's high stock price may be a catalyst for a stock split.",2023-07-27,MSFT,325.6561279296875,336.10365675838614,324.01168518519313,335.2666957123971,39635300,-9.610567782709609
"The article highlights five dividend-paying stocks, including Robert Half International (RHI), that have strong financial health and are poised to outperform the S&P 500. These stocks offer reliable and growing dividends, making them attractive options for income-seeking investors.",Pro Picks: Robert Half + 4 More Dividend Dazzlers to Fuel Your Income Stream,positive,"The article mentions that Tesla is attracting investors looking to add growth stocks to their portfolios, indicating a positive sentiment.",2023-05-12,TSLA,167.97999572753906,177.3800048828125,167.22999572753906,176.07000732421875,157577100,-8.090011596679688
"MeiraGTx announced positive results from a Phase 1 study of its gene therapy AAV2-hAQP1 for treating radiation-induced xerostomia. The data showed clinically meaningful improvements in patient-reported outcomes and increases in saliva production, with greater benefits in participants treated bilaterally. The company has initiated a Phase 2 study to further evaluate the therapy.",MeiraGTx Announces Positive Clinical Data from the AQUAx Phase 1 Clinical Study of AAV2-hAQP1 for the Treatment of Grade 2/3 Radiation-Induced Xerostomia,positive,"Tesla's shares have surged to record highs, leading to the rise of a billion-dollar single-stock ETF. The surge is attributed to strategic partnerships, federal tax credits, and aggressive discounts.",2023-06-27,TSLA,250.2100067138672,250.38999938964844,240.85000610351562,243.24000549316406,164968200,6.970001220703125
"Analysts have provided an average price target of $191.85 for Snowflake (SNOW), with a high of $220.00 and a low of $105.00. The current average price target has increased by 3.52% from the previous average of $185.33.",Analyst Expectations for Snowflake's Future,positive,"The article highlights Microsoft's move to hire OpenAI's former CEO, which positions the tech giant to become a major player in the AI industry.",2023-09-08,MSFT,329.8486633300781,331.71367911357964,325.1022866960148,325.72395862384866,19530100,4.1247047062294655
"Skyworks Solutions reported strong fiscal Q1 results, including record quarterly cash flow, and announced a $2 billion buyback program. Several analysts raised their price targets on the stock following the earnings report.",Why Skyworks Solutions Stock Is Trading Higher Today,positive,"The article notes that Tesla's shares have outperformed the industry, and the company is expected to see strong deliveries growth in 2023 due to production ramp-up and new model introductions.",2023-02-07,TSLA,196.80999755859375,197.5,189.5500030517578,196.42999267578125,186010300,0.3800048828125
"Remitly, a leading digital financial services provider, reported strong growth in active customers, send volume, and revenue for the fourth quarter and full year 2022. The company expects continued growth and profitability in 2023.",Remitly Reports Fourth Quarter and Full Year 2022 Results,positive,"Tesla stock is volatile but has seen a significant rally from recent lows, and Cathie Wood sees it as an opportunity to add to her position in the electric vehicle leader.",2023-02-22,TSLA,200.86000061035156,201.99000549316406,191.77999877929688,197.92999267578125,191828500,2.9300079345703125
"The article highlights three stocks with strong growth characteristics and Buy rankings: e.l.f. Beauty, Deutsche Telekom, and Lamb Weston. These companies have seen their earnings estimates increase significantly in the past 60 days and have favorable PEG ratios compared to their respective industries.",Best Growth Stocks to Buy for February 27th,positive,"Options traders are betting on the stock price to surge above $400 by September, indicating a positive sentiment towards the company's future performance.",2023-02-27,TSLA,207.6300048828125,209.4199981689453,201.25999450683594,202.02999877929688,161028300,5.600006103515625
"Cytokinetics reported a Q4 loss of $1.45 per share, missing the Zacks Consensus Estimate of a loss of $1.22. Revenues of $1.96 million also missed the consensus estimate. The company's stock has underperformed the S&P 500 so far this year.","Cytokinetics (CYTK) Reports Q4 Loss, Misses Revenue Estimates",positive,"Wall Street's consensus price target reflects a 20% upside potential, as analysts expect a solid performance from Apple's iPhone ecosystem.",2023-03-01,AAPL,143.67080688476562,145.56914623363537,143.37418806129784,145.17366452678502,55479000,-1.5028576420193929
"Uber Eats is expanding its payment options to include SNAP/EBT and healthcare-related payments, aiming to reach a wider customer base. However, this move brings regulatory scrutiny and challenges from competitors who have already made inroads in this space.",Can Uber Eats' New Payment Approaches Drive Growth and Profitability?,positive,"The article suggests that Ford's message could be positive for Tesla investors, implying a positive sentiment towards Tesla.",2023-10-12,TSLA,258.8699951171875,265.4100036621094,256.6300048828125,262.9200134277344,111508100,-4.050018310546875
"Interactive Brokers, an online investing platform, is benefiting from the current market conditions. The company is earning higher commissions from increased trading activity and interest income due to rising interest rates. Despite the broader market downturn, Interactive Brokers' stock appears undervalued and could be a good investment opportunity.",1 Super Stock Can Help You Weather the Latest Stock Market Sell-Off,positive,"The company reported strong Q2 2023 earnings and revenues, which exceeded expectations.",2023-10-25,TSLA,212.4199981689453,220.10000610351562,212.1999969482422,215.8800048828125,107065100,-3.4600067138671875
"The article discusses the likelihood of a recession and recommends investing in an S&P 500 ETF as a way to protect one's portfolio during economic downturns. It highlights the advantages of the S&P 500 ETF, such as instant diversification, a collection of big-name companies, and a proven track record of recovery.",A Recession May Be Inevitable: 1 ETF to Buy Right Now,positive,"The article highlights Microsoft's strong financial performance, with double-digit growth in key segments and the potential impact of AI on its products. However, it also notes that the stock's valuation may be ahead of itself compared to peers, suggesting investors wait for a pullback before adding more shares.",2023-02-22,MSFT,247.1187744140625,249.89936603806962,245.96920374136064,249.65373089452532,22491100,-2.5349564804628244
"Analysts have provided an average price target of $642.33 for Eli Lilly, with a high of $722.00 and a low of $535.00. The current average price target has increased by 8.29% from the previous average.",Analyst Expectations for Eli Lilly's Future,neutral,"The article compares Microsoft's valuation to Apple's, but does not provide any further analysis on Apple's performance or outlook.",2023-11-20,AAPL,190.05816650390625,190.51482899547432,188.49958819031184,188.50951003765908,46505100,1.5486564662471665
"This article covers the latest analyst ratings updates, including upgrades, downgrades, and initiations for various companies across different sectors.","Benzinga's Top Ratings Upgrades, Downgrades For October 10, 2023",negative,"Tesla's Q4 2022 deliveries fell short of estimates, indicating weaker-than-expected demand and potential impact on the company's results.",2023-10-10,TSLA,263.6199951171875,268.94000244140625,257.6499938964844,257.75,122656000,5.8699951171875
"Clene Inc. reported a quarterly loss of $0.15 per share, beating the Zacks Consensus Estimate of a loss of $0.16. The company's revenue of $0.11 million missed the consensus estimate by 10.83%. Clene Inc. has a Zacks Rank #3 (Hold), indicating its shares are expected to perform in line with the market.","Clene Inc. (CLNN) Reports Q1 Loss, Misses Revenue Estimates",positive,"The article highlights Apple's strategic moves to diversify its supply chain, support the 'right to repair' movement, and introduce a game-changing design for the iPhone 15 Pro Max, indicating the company's proactive approach and innovation.",2023-05-12,AAPL,170.85931396484375,172.33453386665053,169.30487018579348,171.89889318697968,45497800,-1.0395792221359272
"Analysts have provided 31 price targets for Chipotle Mexican Grill, with an average of $2065.1 and a range of $1743.00 to $2400.00. The average price target has increased by 8.22% over the past month.",Analyst Ratings for Chipotle Mexican Grill,positive,"Apple's share price is nearing its record high, and the company's supply agreement with Broadcom and potential plans in the AI industry are seen as positive factors.",2023-06-14,AAPL,182.12649536132812,182.56213604593384,180.21563475820471,181.5522431050323,57462900,0.5742522562958357
"McCormick & Co reported weaker-than-expected third-quarter sales, leading analysts to cut their price targets on the stock. The company reaffirmed its full-year revenue guidance but raised its adjusted EPS outlook.",McCormick Analysts Cut Their Forecasts After Q3 Results,positive,"Apple has a strong moat with its combination of hardware, software, and services, and is investing heavily in AI, including generative AI, which could present new revenue opportunities.",2023-10-04,AAPL,172.17068481445312,172.71597100628938,169.50375199905025,169.62271803074952,53020300,2.5479667837036004
"Mondelēz International, Inc. (MDLZ) has declared a regular quarterly dividend of $0.385 per share of Class A common stock, payable on July 14, 2023, to shareholders of record as of June 30, 2023.",Mondelēz International Declares Regular Quarterly Dividend of $0.385 per share,positive,"The article emphasizes Apple's status as the most valuable company in the world, its brand recognition, and its growth potential in areas like AI and augmented/virtual reality, making it a more reliable investment than cryptocurrencies.",2023-05-17,AAPL,170.97811889648438,171.21573009717264,168.7306172756303,170.00783790944186,57951600,0.9702809870425142
"Enact Holdings, Inc. (ACT) is expected to report a year-over-year decline in earnings despite higher revenues. The company's earnings surprise history and Earnings ESP suggest it may not beat the consensus EPS estimate. MetLife (MET), another industry player, is also expected to report a decline in earnings.","Analysts Estimate Enact Holdings, Inc. (ACT) to Report a Decline in Earnings: What to Look Out for",positive,"The ETF has a significant allocation (8.74%) to Apple Inc, a large-cap tech company that has been performing well.",2023-01-30,AAPL,141.1713104248047,143.6887039381187,141.02323465611641,143.1062524963994,64015300,-1.934942071594719
"Union Pacific (UNP) has an average 12-month price target of $224.17, up 8.61% from the previous average of $206.40. Analysts have provided a range of ratings, with a high of $282.00 and a low of $168.00.",The Latest Analyst Ratings for Union Pacific,positive,"The ETF also has a notable allocation to Microsoft Corp, another large-cap tech company that has been a strong performer.",2023-07-26,MSFT,332.59820556640625,339.3925798836245,328.00955380229783,336.21202538513404,58383700,-3.613819818727791
"McCormick reported better-than-expected earnings for the first quarter of 2023, but its revenues fell short of the consensus estimate. The company's shares have underperformed the market so far this year, and the outlook for the industry is mixed.",McCormick (MKC) Tops Q1 Earnings and Revenue Estimates,neutral,"The article does not provide a clear sentiment for Tesla, indicating a neutral stance.",2023-03-28,TSLA,189.19000244140625,192.35000610351562,185.42999267578125,192.0,98654600,-2.80999755859375
"JPMorgan Chase & Co. (JPM) has seen a positive return of 8.9% over the past month, outperforming the Zacks S&P 500 composite's 8.2% gain. The company's earnings estimates have been revised upwards, and it has a Zacks Rank #1 (Strong Buy), indicating it may outperform the broader market in the near term.",JPMorgan Chase & Co. (JPM) Is a Trending Stock: Facts to Know Before Betting on It,neutral,Jefferies downgraded the rating from Buy to Hold.,2023-11-24,TSLA,235.4499969482422,238.75,232.3300018310547,233.75,65125200,1.6999969482421875
"The article discusses three growth stocks - The Trade Desk, DigitalOcean, and Uber - that could see significant upside when the market recovers from the recent downturn. The author believes these companies have strong growth prospects and are well-positioned to benefit from industry trends.",3 Growth Stocks That Could Go Parabolic,positive,"Microsoft has become a powerhouse in the AI arena, due to its multibillion-dollar investment in ChatGPT-creator OpenAI. It has moved quickly to integrate OpenAI's technology into its products and services, which should make its productivity tools more valuable to users and help it gain market share in the search engine market.",2023-05-10,MSFT,306.8572692871094,307.53522473722796,302.29829624410297,303.23169187465317,30078000,3.6255774124562095
"MercadoLibre, an online marketplace and payments system in Latin America, closed at $1,221.03, up 1.89% from the previous day, outpacing the S&P 500's 0.03% gain. The company is expected to report earnings of $4.13 per share, representing a 69.96% year-over-year growth, and revenue of $3.26 billion, up 25.42% from the prior-year quarter.",MercadoLibre (MELI) Outpaces Stock Market Gains: What You Should Know,negative,"Apple's revenue and net income are declining, and its stock is trading at a premium valuation compared to its historical average and the broader market.",2023-07-21,AAPL,190.0373077392578,193.03727024392953,189.33433929774543,192.17589935868594,71917800,-2.1385916194281265
"Verve Therapeutics, a clinical-stage biotechnology company, announced that its co-founder and CEO, Sekar Kathiresan, M.D., will participate in a fireside chat during the Guggenheim 2023 Genomic Medicines and Rare Disease Day on April 3, 2023.",Verve Therapeutics to Participate in the Guggenheim 2023 Genomic Medicines and Rare Disease Day,positive,"Apple's services division, which includes Apple Music, has seen strong revenue growth, and the company is a top holding in the MUSQ ETF.",2023-03-27,AAPL,156.4945068359375,158.9564235953307,156.08912825748425,158.13578467553296,52390300,-1.6412778395954604
"A.O. Smith (AOS) stock has declined 9.3% in the past 4 weeks, but technical and fundamental indicators suggest the stock is oversold and poised for a rebound. Analysts have also raised earnings estimates for the company, indicating a potential turnaround.","Down -9.3% in 4 Weeks, Here's Why A.O. Smith (AOS) Looks Ripe for a Turnaround",neutral,"Microsoft's Azure is mentioned as a competitor to Alphabet's cloud platform, but no specific sentiment is provided.",2023-08-21,MSFT,317.6225891113281,318.50080167384647,312.84661003586535,313.7248225983837,24040000,3.897766512944429
"Berkshire Hathaway, led by Warren Buffett, has never split its Class A shares, which trade for over $540,000 per share. The company's Class B shares, which are more affordable for retail investors, have been split 50-for-1 in the past. Buffett has stated that he has no intention of splitting the Class A shares, as he wants to attract long-term, investment-oriented shareholders.",Stock Split Watch: Is Berkshire Hathaway Next?,neutral,"Innodata is now providing services for four of the 'big five' tech companies, including Apple, but the article does not provide any specific details about Apple's involvement or the sentiment towards the company.",2023-09-01,AAPL,187.83517456054688,188.2912210727348,186.66528651811905,187.86491606664922,45732600,-0.029741506102340054
"Amazon's business is on a growth path, with its retail segment recovering and aggressive expansions into artificial intelligence. The company's stock has yet to surpass its 2021 high, but recent moves suggest it could have a lot to offer investors in the long term.",Is It Too Late to Buy Amazon Stock?,neutral,"Innodata is now providing services for four of the 'big five' tech companies, including Microsoft, but the article does not provide any specific details about Microsoft's involvement or the sentiment towards the company.",2023-09-28,MSFT,309.4916076660156,311.30726701468535,305.35702492417727,306.87663419975775,19683600,2.6149734662578794
"The article discusses the importance of understanding breakout patterns in penny stocks, including the cup and handle, head and shoulders, and double tops/bottoms patterns. It also emphasizes the value of thorough research, financial analysis, and the strategic use of stop-loss orders to mitigate risk and capitalize on profitable opportunities.",Understanding Penny Stocks Breakout Patterns: 3 Tips ,negative,"The article highlights several concerns for Microsoft, including slowing cloud growth, economic headwinds, and recent large-scale layoffs, which suggest the company may struggle to meet lowered earnings expectations.",2023-07-05,MSFT,332.9723815917969,336.4187910450174,329.60476403996404,329.9592374452914,18172400,3.0131441465054536
"Avalanche, a once high-flying crypto, is now trading at 94% below its all-time high. Despite partnerships with tech giants like Amazon and Alibaba, the crypto's user growth and transaction activity have declined. However, the article suggests Avalanche's asset tokenization capabilities and potential to capitalize on this emerging trend could make it an undervalued long-term investment.","Now Trading at Two-Year Lows, Is This Once High-Flying Crypto Seriously Undervalued?",positive,"The iShares MSCI USA ESG Select ETF (SUSA) has Microsoft Corporation as one of its largest holdings, indicating a positive sentiment towards the company.",2023-09-27,MSFT,308.65283203125,310.1428392517049,305.593828747816,308.16929263193225,19410100,0.48353939931774903
"Beyond Meat, a plant-based meat alternative company, has struggled to turn a profit and faces significant risks, while Cava, a fast-casual Mediterranean restaurant chain, is profitable and growing, making it the more promising investment option.",Best Stock to Buy: Beyond Meat vs. Cava,positive,"The iShares MSCI USA ESG Select ETF (SUSA) has Apple Inc. as one of its largest holdings, indicating a positive sentiment towards the company.",2023-12-22,AAPL,192.19256591796875,193.9894050921648,191.56714106698067,193.76106624785666,37122800,-1.568500329887911
"Axcelis Technologies (ACLS) closed at $93.08, up 0.91% from the previous day, outpacing the S&P 500's 0.7% gain. The semiconductor services company has gained 10.68% over the past month, outperforming the Computer and Technology sector's loss of 2.78% and the S&P 500's loss of 0.94%.",Axcelis Technologies (ACLS) Outpaces Stock Market Gains: What You Should Know,neutral,"Microsoft is mentioned as one of C3.ai's partners and as having recently invested in OpenAI, the owner of ChatGPT. However, the article does not provide any specific commentary on Microsoft's relationship with C3.ai or its performance.",2023-01-10,MSFT,224.29261779785156,226.70362023833323,222.80288335065225,223.2243130221081,27033900,1.0683047757434565
"Financial Institutions, Inc. announced changes to its executive leadership team and an associated realignment to strengthen its ability to execute on its long-term strategy and risk functions. The changes include the appointment of Reid A. Whiting as Chief Banking Officer and Blake G. Jones as Chief Marketing Officer, as well as the expansion of responsibilities for several other executives.","Financial Institutions, Inc. Announces Leadership Changes",neutral,"The article mentions Tesla's Cybertruck delivery event, but does not provide a clear sentiment on the company's performance.",2023-12-08,TSLA,243.83999633789062,245.27000427246094,239.27000427246094,240.27000427246094,102980100,3.5699920654296875
"Guess (GES) has been struggling in recent years, with flat sales and declining earnings estimates. The fashion industry faces inherent challenges, and Guess's stock performance has been lackluster. The current outlook is not much improved, leading to a Zacks Rank #5 (Strong Sell) recommendation. Investors should look elsewhere for opportunities until Guess can show a significant turnaround.",Bear of the Day: Guess (GES),positive,"Apple is a leader in the consumer electronics market, with a strong track record of innovation and product adoption. The company's new VR/AR headset, the Vision Pro, is seen as a promising long-term opportunity.",2023-11-29,AAPL,187.99330139160156,190.69352857887446,187.5962153955331,189.5121772909601,43014200,-1.5188758993585338
"The article discusses the Q1 2023 earnings outlook for the S&P 500, with total earnings expected to decline 9.4% year-over-year on 1.8% higher revenues. The Tech sector has seen significant estimate revisions, with the sector's 2023 earnings estimates cut by over 23% since April 2022. However, some major Tech companies like Alphabet, Meta, and Nvidia have seen their estimates improve in recent months.",What Should Investors Expect For the 2023 Q1 Earnings Season?,positive,"The article states that Microsoft, along with Alphabet, has the most popular Chatbots on the market, suggesting its involvement in the AI revolution.",2023-03-22,MSFT,267.5359802246094,276.133210212867,267.42788516982534,268.62658586472133,34873300,-1.09060564011196
"Ingredion, a food sweetener, starch and nutritional ingredient company, is a great growth stock pick right now due to its impressive earnings growth, efficient asset utilization, and positive earnings estimate revisions.","Is Ingredion (INGR) a Solid Growth Stock? 3 Reasons to Think ""Yes""",positive,"The article mentions that Tesla's shares were electrified by 743% in 2020 as EVs became mainstream and the company turned on the profit spigot, indicating its success in the electric vehicle sector.",2023-11-28,TSLA,246.72000122070312,247.0,234.00999450683594,236.67999267578125,148549900,10.040008544921875
"Mirati Therapeutics reported a narrower-than-expected loss for Q3 2023, but its revenues missed estimates. The company's stock has underperformed the S&P 500 in the past month. Analysts have revised their estimates upward, and the company has a Zacks Rank #3 (Hold).",Mirati (MRTX) Up 1.1% Since Last Earnings Report: Can It Continue?,neutral,"The article discusses the impact of Tesla's price cuts on the industry, without making a clear positive or negative assessment of the company.",2023-12-06,TSLA,239.3699951171875,246.57000732421875,239.1699981689453,242.9199981689453,126436200,-3.5500030517578125
"Tecnoglass Inc. announced a 20% increase in its quarterly cash dividend, reflecting its strong financial position, high liquidity, robust backlog, and gains in the single-family residential business.",Tecnoglass (TGLS) Rewards Investors With 20% Dividend Hike,positive,"The article highlights Tesla's strong brand power, manufacturing innovations, and long-term growth potential in the electric vehicle market, particularly with the upcoming launch of the Cybertruck.",2023-03-14,TSLA,183.25999450683594,183.8000030517578,177.13999938964844,177.30999755859375,143717900,5.9499969482421875
"Seadrill (SDRL) stock has gained 0.9% over the past four weeks, and Wall Street analysts expect it to have a potential upside of 43% based on their price targets. The strong agreement among analysts on the company's ability to report better earnings supports this view.",Does Seadrill (SDRL) Have the Potential to Rally 42.99% as Wall Street Analysts Expect?,positive,"The article discusses Microsoft's efforts to integrate AI technology across its business segments, including the integration of OpenAI's ChatGPT into Microsoft Teams and plans to bring similar AI-powered tools to its Office suite. Additionally, Microsoft is using OpenAI's technology to enhance its Bing search engine and Azure cloud platform, which are expected to drive growth in the company's AI-related offerings.",2023-11-03,MSFT,348.1336669921875,349.70266330444144,342.7360149249981,345.00561196667866,23624000,3.128055025508843
Zacks Premium offers tools like the Zacks Rank and Style Scores to help investors make informed decisions. The article discusses how these tools can be used to identify stocks with the highest likelihood of success.,Are You a Value Investor? This 1 Stock Could Be the Perfect Pick,positive,Tesla was mentioned as one of the top tech performers in the first quarter.,2023-09-08,TSLA,248.5,256.5199890136719,246.6699981689453,251.22000122070312,118367700,-2.720001220703125
"Roku's fourth-quarter results beat analysts' expectations, but revenue growth and profitability remained poor. The company is focused on growing its user base, increasing engagement, and strengthening its monetization capabilities in the ad market to prepare for an eventual ad rebound.",Will Roku's Stock Rebound in 2023?,positive,Apple was mentioned as one of the top tech performers in the first quarter.,2023-02-27,AAPL,146.25135803222656,147.48725716556407,145.7866587511589,146.0437354263551,44998500,0.20762260587144965
"This article provides an in-depth analysis of the key players in the cannabis hardware and vaping sector, including Smoore Holdings, CCELL distributors, and other notable companies. It examines their market positions, technological advantages, and future prospects in the dynamic cannabis vaping industry.",Who's Who Among Cannabis Hardware & Vaping Suppliers? Zuanic & Associates Take A Deep Dive,negative,The article also mentions that the S&P 500's Friday session was influenced by disappointing earnings from Tesla Inc.,2023-10-13,TSLA,251.1199951171875,259.6000061035156,250.22000122070312,258.8999938964844,102073800,-7.779998779296875
"The article compares the value of Tencent Music Entertainment Group Sponsored ADR (TME) and Airbnb, Inc. (ABNB) based on various valuation metrics. It concludes that TME is the better value option due to its lower P/E ratio, PEG ratio, and P/B ratio compared to ABNB.",TME or ABNB: Which Is the Better Value Stock Right Now?,positive,"The article mentions that the top 10 tech stocks, including Microsoft, shed a combined $4.6 trillion in market cap in 2022, suggesting that they have become extremely cheap at current valuations, which is a positive sign for their future performance.",2023-05-02,MSFT,300.0777282714844,303.7818955393081,298.60391737135024,302.3867046786464,26404400,-2.3089764071620493
"Raytheon Technologies has an average price target of $112.81 from 8 analysts, with a high of $117.00 and a low of $110.00. The current average price target has increased by 2.93% from the previous average of $109.60.",What 8 Analyst Ratings Have To Say About Raytheon Technologies,positive,"Apple is expected to continue performing well for investors due to its strong brand power, loyal customer base, and new product releases like a mixed-reality headset, which could drive long-term growth.",2023-06-20,AAPL,183.1759796142578,184.2551858622496,182.58193651385486,182.58193651385486,49799100,0.5940431004029563
"Absci and AstraZeneca have announced a collaboration to design a therapeutic candidate antibody for an oncology target using Absci's AI platform. The agreement includes upfront commitment, R&D funding, milestone payments, and royalties on product sales.",Absci Announces Collaboration with AstraZeneca to Advance AI-Driven Oncology Candidate,positive,"Tesla reported better-than-expected results for its fourth quarter, with strong vehicle production and deliveries.",2023-12-04,TSLA,235.5800018310547,239.3699951171875,233.2899932861328,235.75,104099800,-0.1699981689453125
"ZW Data Action Technologies and Superwin Technology Pte. Ltd. announced a strategic cooperation to jointly establish a Web3.0 application service platform. The platform aims to provide computing power and blockchain services for Web3.0 application suppliers, with Superwin providing the infrastructure and ZW Data providing the technology and blockchain services.",ZW Data Action Technologies and Superwin Technology Pte. Ltd. Plan to Jointly Develop Web3.0 Application Service Platform,negative,"Tesla has a Zacks Rank #5 (Strong Sell), indicating it is expected to underperform the market in the near future.",2023-01-05,TSLA,110.33999633789062,111.75,107.16000366210938,110.51000213623047,157986300,-0.17000579833984375
"Teck Resources Limited, a leading Canadian mining company, will release its first quarter 2023 earnings results on April 26, 2023, and hold a webcast to review the results.","Teck to Release First Quarter 2023 Results on April 26, 2023",positive,"Tesla is the leader in the electric vehicle market, with strong revenue growth, profitability, and a focus on cost reduction and efficiency improvements. The company is also expanding into high-margin businesses like energy and services.",2023-04-04,TSLA,192.5800018310547,198.74000549316406,190.32000732421875,197.32000732421875,126463800,-4.7400054931640625
"QuantaSing Group Limited, a leading online learning service provider in China, reported its unaudited financial results for the third quarter of fiscal year 2023. The company saw a 16.8% year-over-year increase in revenues, driven by growth in individual online learning services and enterprise services.",QuantaSing Announces Unaudited Financial Results for the Third Quarter of Fiscal Year 2023,negative,"The article suggests that the opening of Tesla's Supercharger network to other automakers poses a threat to ChargePoint's competitive advantage in the DC charging market, which could negatively impact the company.",2023-06-01,TSLA,207.52000427246094,209.8000030517578,199.3699951171875,202.58999633789062,148029900,4.9300079345703125
"Visa has launched Visa Provisioning Intelligence, a machine learning-based solution to detect and prevent token provisioning fraud. This move is expected to enhance Visa's value proposition, lead to fewer declines, and improve trust in its network.",Visa (V) Enhances Offerings With Visa Provisioning Intelligence,neutral,"The article presents a balanced view on Apple, discussing both the potential risks and the company's strengths. While it acknowledges the possibility of a slowdown in iPhone demand and competition from Chinese brands, it also highlights Apple's strong seasonal tendencies and its resilience in the market.",2023-12-15,AAPL,196.13368225097656,196.95763485816647,195.56781885438525,196.09396456637802,128256700,0.039717684598542746
